Season,PLAYER,POS,Lane Agility Time  (seconds),Three Quarter Sprint (seconds),Standing Vertical Leap (inches),Max Vertical Leap (inches)
2020-21,Ty-Shon Alexander,SG,11.33,3.26,28,33
2020-21,Udoka Azubuike,C,11.82,3.23,37,41
2020-21,Tyler Bey,PF,11.35,3.17,37,43.5
2020-21,Yoeli Childs,PF,10.87,3.22,34,38.5
2020-21,Mamadi Diakite,PF,11.95,3.16,28,37
2020-21,Devon Dotson,PG,10.44,3.02,31.5,40.5
2020-21,Paul Eboua,SF-PF,10.79,3.19,33,35.5
2020-21,CJ Elleby,SG-SF,11.25,3.25,30.5,36.5
2020-21,Trent Forrest,PG,11.04,3.18,28,34.5
2020-21,Josh Green,SG-SF,10.64,3.12,30.5,39.5
2020-21,Ashton Hagans,PG,10.82,3.13,29.5,36.5
2020-21,Joshua Hall,SF,12.16,3.38,31.5,37.5
2020-21,Jalen Harris,SG,10.59,3.11,37.5,42.5
2020-21,Markus Howard,PG,11.21,3.11,30.5,35.5
2020-21,Mason Jones,SG,10.6,3.33,24,31
2020-21,Nathan Knight,PF-C,11.56,3.31,23,31.5
2020-21,Karim Mane,PG-SG,11.52,3.04,31,36
2020-21,Naji Marshall,SF,11.77,3.37,28.5,35
2020-21,Kenyon Martin Jr.,SF-PF,11.93,3.16,31.5,38.5
2020-21,Skylar Mays,SG,10.65,3.3,29,37.5
2020-21,Zeke Nnaji,PF-C,10.94,3.2,33,38
2020-21,Jordan Nwora,SF-PF,11.29,3.43,29,35
2020-21,Reggie Perry,PF-C,11.26,3.25,30,33.5
2020-21,Immanuel Quickley,SG,11.21,3.17,29.5,35.5
2020-21,Paul Reed Jr.,PF,12.29,3.45,26.5,37.5
2020-21,Nick Richards,C,11.42,3.25,30,34
2020-21,Grant Riller,PG-SG,11.17,3.07,32.5,39.5
2020-21,Cassius Stanley,SG,11.4,3.09,34.5,44
2020-21,Lamar Stevens,SF-PF,10.35,3.2,35,41
2020-21,Tyrell Terry,PG,10.78,3.28,30,34
2020-21,Killian Tillie,PF,11.6,3.4,27.5,32
2020-21,Xavier Tillman Sr.,PF-C,11.8,3.49,26,32.5
2020-21,Kaleb Wesson,C,11.73,3.6,21.5,27
2020-21,Kahlil Whitney,SF,11.17,3.28,29,39
2020-21,Cassius Winston,PG,11.15,3.61,24,28
2020-21,Robert Woodard II,SF,11.1,3.18,32,38
2019-20,Charles Bassey,C,12.65,3.53,29,33
2019-20,Darius Bazley,PF,11.09,3.27,30.5,37
2019-20,Jordan Bone,SG,9.97,3.08,36,42.5
2019-20,Brian Bowen II,SF,10.98,3.26,32,35.5
2019-20,Ky Bowman,PG,11.11,3.26,27.5,33
2019-20,Ignas Brazdeikis,SF,11.06,3.36,31,36.5
2019-20,O'Shae Brissett,SF-PF,11.3,3.48,34,37.5
2019-20,Moses Brown,C,11.95,3.51,27,31
2019-20,Brandon Clarke,SF,10.61,3.15,34,40.5
2019-20,Nicolas Claxton,C,11.26,3.36,31.5,36.5
2019-20,Tyler Cook,PF,11.32,3.28,27.5,32
2019-20,Terence Davis,SG,10.69,3.28,29.5,34
2019-20,Luguentz Dort,PG,10.79,3.22,32.5,38
2019-20,Devon Dotson,PG,10.63,3.04,30,38.5
2019-20,Carsen Edwards,PG,10.53,3.22,28.5,34
2019-20,Tacko Fall,C,13.01,3.78,22,26.5
2019-20,Bruno Fernando,C,11.29,3.21,29.5,33.5
2019-20,Daniel Gafford,PF,11.61,3.25,32.5,36.5
2019-20,Quentin Grimes,SG,10.83,3.2,27.5,36
2019-20,Kyle Guy,SG,10.48,3.27,30.5,36.5
2019-20,Jaylen Hands,PG,10.73,3.12,33,41.5
2019-20,Jared Harper,PG,10.77,3.04,33.5,40.5
2019-20,Jaxson Hayes,PF,11.74,3.37,27,34.5
2019-20,Dewan Hernandez,C,11.46,3.28,30.5,35.5
2019-20,Jalen Hoard,PF,11.44,3.34,27.5,35.5
2019-20,Talen Horton-Tucker,SG,11.34,3.34,26,34.5
2019-20,Ty Jerome,PG,11.21,3.4,26,31.5
2019-20,Cameron Johnson,SG,10.52,3.26,30.5,36.5
2019-20,Mfiondu Kabengele,PF,11.21,3.25,28,35.5
2019-20,Louis King,SF,10.99,3.28,29,33
2019-20,Dedric Lawson,PF,11.8,3.6,23.5,26
2019-20,Jalen Lecque,PG,11.09,3.29,35,43
2019-20,Nassir Little,SF,12.15,3.24,31,38.5
2019-20,Terance Mann,SG-SF,11.51,3.3,32.5,38.5
2019-20,Cody Martin,PG-SG,10.44,3.32,28,35.5
2019-20,Charles Matthews,SG,11.26,3.38,29.5,37.5
2019-20,Jalen McDaniels,SF,11.54,3.32,29.5,33.5
2019-20,Zach Norvell Jr.,SG,11.6,3.43,24,30
2019-20,Jaylen Nowell,SG,10.76,3.23,32,38.5
2019-20,KZ Okpala,SF,10.88,3.38,30.5,37
2019-20,Miye Oni,SG,11.71,3.17,30.5,38.5
2019-20,Eric Paschall,SF,11.63,3.3,33,38
2019-20,Reggie Perry,SF-PF,12.46,3.3,28.5,31.5
2019-20,Shamorie Ponds,PG,11.01,3.2,29,37
2019-20,Jordan Poole,SG,10.59,3.27,28,35.5
2019-20,Kevin Porter Jr.,SG,10.82,3.14,27,34
2019-20,Neemias Queta,C,12.04,3.73,24,32.5
2019-20,Naz Reid,PF,12.03,3.42,26,32.5
2019-20,Isaiah Roby,PF,10.63,3.25,32.5,35.5
2019-20,Luka Samanic,PF,11.01,3.27,27,38
2019-20,Admiral Schofield,SF,10.77,3.37,30,34
2019-20,Marial Shayok,SF-PF,11.16,3.37,29.5,36.5
2019-20,Simisola Shittu,PF,11.85,3.3,27,35.5
2019-20,Tremont Waters,PG,10.76,3.07,30.5,40.5
2019-20,Quinndary Weatherspoon,SG,11.57,3.16,31,38
2019-20,Kris Wilkes,SF,10.39,3.34,27.5,35
2019-20,Grant Williams,PF,10.83,3.33,26,31.5
2019-20,Dylan Windler,SF,10.7,3.3,29,37.5
2018-19,Rawle Alkins,SG,11.5,3.15,32.5,40.5
2018-19,Grayson Allen,SG,10.31,3.15,32.5,40.5
2018-19,Kostas Antetokounmpo,PF,12.48,3.21,29.5,35
2018-19,Udoka Azubuike,C,12.97,3.12,31,31.5
2018-19,Jaylen Barford,PG-SG,11.39,3.31,27,33
2018-19,Keita Bates-Diop,SG-SF,11.2,3.17,30.5,35
2018-19,Tyus Battle,SG,11.04,3.07,32,37.5
2018-19,Brian Bowen,SG-SF,11.58,3.28,30.5,34
2018-19,Bruce Brown,SG-PG,11.11,3.2,32.5,38
2018-19,Troy Brown,SF,11.51,3.33,26,33
2018-19,Jalen Brunson,PG,10.59,3.15,29,37
2018-19,Tony Carr,PG,11.89,3.17,25,31.5
2018-19,Jevon Carter,PG,11.04,3.18,29,36.5
2018-19,Donte DiVincenzo,SG,10.72,3.11,34.5,42
2018-19,Hamidou Diallo,SG,10.53,3.1,32.5,40.5
2018-19,Trevon Duval,PG,10.93,3.18,34,41.5
2018-19,Carsen Edwards,PG,11.59,3.2,28.5,34.5
2018-19,Jacob Evans,SG-SF,11.11,3.2,28,35.5
2018-19,Bruno Fernando,C,12.19,3.23,29,35
2018-19,Melvin Frazier,SF-SG,11.24,3.08,31,40.5
2018-19,Devonte Graham,PG,11.28,3.21,31,37
2018-19,Devon Hall,SG,10.95,3.27,25,31
2018-19,Jaylen Hands,PG,12.11,3.13,31.5,39.5
2018-19,Kevin Hervey,PF,11.28,3.36,27.5,32
2018-19,Aaron Holiday,PG,10.96,3.27,25.5,33
2018-19,Kevin Huerter,SG,10.89,3.09,31,38
2018-19,Alize Johnson,PF,11.83,3.38,25,31
2018-19,George King,SF-SG,10.75,3.29,31,39
2018-19,Sagaba Konate,C,12.28,3.28,31.5,35
2018-19,Caleb Martin,SF-SG,10.43,3.26,29,36.5
2018-19,Cody Martin,SG-SF,10.64,3.09,29,36.5
2018-19,Yante Maten,PF-C,11.35,3.17,27,31.5
2018-19,Brandon McCoy,C,11.77,3.23,27.5,32
2018-19,DeAnthony Melton,SG-PG,11.48,3.23,31,36.5
2018-19,Chimezie Metu,PF-C,11.89,3.33,29.5,36
2018-19,Shake Milton,SG-PG,11.07,3.25,30,33
2018-19,Sviatoslav Mykhailiuk,SG-SF,11.25,3.15,30.5,37
2018-19,Malik Newman,SG,10.9,3.13,27.5,33.5
2018-19,Josh Okogie,SG,11.08,3.04,33,42
2018-19,Theo Pinson,SG-SF,11.53,3.22,27,34
2018-19,Jontay Porter,C-PF,11.9,3.4,25.5,31
2018-19,Billy Preston,PF,11.26,3.2,25,33
2018-19,Landry Shamet,PG,11.26,3.11,31,39.5
2018-19,Anfernee Simons,SG-PG,11.27,3.1,32,41.5
2018-19,Zhaire Smith,SF-SG,11.02,3.05,33,41.5
2018-19,Ray Spalding,PF,11.48,3.34,26,32
2018-19,Omari Spellman,PF-C,12.28,3.38,28.5,35.5
2018-19,Khyri Thomas,SG,10.96,3.18,30,35
2018-19,Gary Trent,SG,11.37,3.12,33.5,39.5
2018-19,Allonzo Trier,SG,11.02,3.14,32,40
2018-19,Moritz Wagner,C-PF,11.48,3.18,27,34
2018-19,Lonnie Walker,SG,10.87,3.06,31.5,40
2018-19,PJ Washington,PF,11.39,3.2,27,34
2018-19,Austin Wiley,C,12.79,3.3,28,33.5
2018-19,Kris Wilkes,SF,11.29,3.24,28,35.5
2018-19,Kenrich Williams,SF,10.86,3.19,28,33
2017-18,Edrice Adebayo,PF-C,11.94,3.24,33.5,38.5
2017-18,Rawle Alkins,SG-SF,11.99,3.3,31.5,40.5
2017-18,Jarrett Allen,C,11.82,3.21,31.5,35.5
2017-18,Kadeem Allen,PG,11.24,3.15,33,35.5
2017-18,Ike Anigbogu,C,12.52,3.44,29.5,32.5
2017-18,Jamel Artis,SG-SF,11.62,3.44,23.5,31
2017-18,Dwayne Bacon,SG-SF,11.7,3.22,30,36.5
2017-18,V.J. Beachem,SG-SF,11.18,3.26,30,37
2017-18,Jordan Bell,PF,10.63,3.21,31.5,38
2017-18,Jaron Blossomgame,SF,11.47,3.17,31,35.5
2017-18,Tony Bradley,C,11.79,3.44,24.5,27.5
2017-18,Isaiah Briscoe,PG,10.95,3.38,28,33.5
2017-18,Dillon Brooks,SG-SF,11.14,3.21,31,37.5
2017-18,Thomas Bryant,PF-C,11.42,3.37,25.5,33
2017-18,John Collins,PF,11.66,3.27,33,37.5
2017-18,Hamidou Diallo,SG-SF,10.88,3.11,34.5,44.5
2017-18,Tyler Dorsey,SG,10.55,3.16,30.5,36
2017-18,Damyean Dotson,SG-SF,11.18,3.13,31.5,38
2017-18,PJ Dozier,SG,10.84,3.15,34,39
2017-18,Jawun Evans,PG,11.34,3.21,27.5,33.5
2017-18,Terrance Ferguson,SG-SF,11.16,3.32,28.5,38
2017-18,Harry Giles,PF,11.08,3.34,27,32.5
2017-18,Josh Hart,SG-SF,11.15,3.18,27.5,35.5
2017-18,Nigel Hayes,PF,11.81,3.27,29,33.5
2017-18,Isaiah Hicks,PF,12.31,3.36,31.5,37
2017-18,Wesley Iwundu,SG-SF,11.25,3.36,31.5,36
2017-18,Frank Jackson,PG,10.94,3.14,34.5,42
2017-18,Justin Jackson (UMD),SF,11.78,3.43,26.5,31.5
2017-18,Justin Jackson (UNC),SF,10.8,3.3,29.5,35.5
2017-18,Peter Jok,SG-SF,11.34,3.41,26.5,31
2017-18,Kyle Kuzma,SF-SG,10.72,3.25,27,34
2017-18,TJ Leaf,PF,11.55,3.27,29,34.5
2017-18,Tyler Lydon,PF,11.68,3.46,29.5,33.5
2017-18,Frank Mason III,PG,11.41,3.18,34,41
2017-18,Kennedy Meeks,C,12.91,3.5,28,30.5
2017-18,Donovan Mitchell,SG,11.53,3.01,36.5,40.5
2017-18,Monte Morris,PG,11,3.19,28,33.5
2017-18,Svi Mykhailiuk,SG-SF,12.4,3.53,27,33
2017-18,Semi Ojeleye,SF-SG,10.58,3.16,35,40.5
2017-18,Cameron Oliver,PF,12.17,3.16,28,39.5
2017-18,Justin Patton,C,11.8,3.46,26,30.5
2017-18,Ivan Rabb,PF,12.68,3.35,28.5,32.5
2017-18,Davon Reed,SG-SF,11.37,3.34,28.5,36
2017-18,Devin Robinson,SF,12.85,3.23,35.5,41.5
2017-18,Kobi Simmons,PG,11.15,3.18,30.5,38.5
2017-18,Sindarius Thornwell,SG-SF,11.48,3.36,27,30.5
2017-18,Melo Trimble,PG,10.75,3.27,24.5,32
2017-18,Moritz Wagner,PF,12,3.35,25.5,32.5
2017-18,Derrick Walton Jr.,PG,11.28,3.29,26,32.5
2017-18,Derrick White,PG,10.84,3.08,31,36.5
2017-18,Nigel Williams-Goss,PG,10.42,3.19,27.5,34.5
2017-18,Omer Yurtseven,C,12.85,3.45,26,31.5
2016-17,Ron Baker,SG,10.77,3.45,30,35.5
2016-17,Wade Baldwin IV,PG,10.45,3.19,32.5,38
2016-17,DeAndre Bembry,SG-SF,10.9,3.17,32,38
2016-17,Ben Bentil,PF,11.16,3.3,29,33
2016-17,Jaron Blossomgame,SF,11.53,3.2,35,41
2016-17,Joel Bolomboy,PF,10.26,3.17,37.5,40.5
2016-17,Malcolm Brogdon,SG,10.77,3.31,30.5,35.5
2016-17,Marquese Chriss,PF,11.93,3.26,32.5,38.5
2016-17,Isaiah Cousins,PG,10.79,3.24,30.5,37
2016-17,Cheick Diallo,PF,11.24,3.26,31,35
2016-17,Perry Ellis,PF,10.73,3.13,32,38
2016-17,Kay Felder,PG,11.52,3.15,35.5,44
2016-17,Dorian Finney-Smith,SF,11.01,3.27,32.5,35.5
2016-17,Michael Gbinije,SG,11,3.12,33.5,37.5
2016-17,Daniel Hamilton,SG-SF,11.48,3.4,26,29
2016-17,Josh Hart,SG,11.15,3.2,29.5,38.5
2016-17,Nigel Hayes,SF-PF,12.11,3.2,25.5,28.5
2016-17,Justin Jackson,SF,11.32,3.26,29.5,34.5
2016-17,Demetrius Jackson,PG,10.81,3.25,37.5,43.5
2016-17,Brice Johnson,PF,11.88,3.2,33.5,38
2016-17,Damian Jones,C,11.35,3.2,36,37
2016-17,Jake Layman,SF,11.35,3.24,33,39.5
2016-17,Marcus Lee,PF-C,11.68,3.25,28.5,35.5
2016-17,Thon Maker,PF,11.15,3.33,32,36.5
2016-17,Patrick McCaw,PG-SG,11.01,3.3,30,38
2016-17,Malik Newman,SG,10.88,3.28,30,35.5
2016-17,Georges Niang,PF,11.64,3.49,25,31
2016-17,Chinanu Onuaku,C,11.65,3.5,27.5,33.5
2016-17,Marcus Paige,PG,10.82,3.15,33.5,39.5
2016-17,Gary Payton II,PG,11.57,3.23,31.5,38.5
2016-17,Taurean Prince,SF,10.96,3.24,34,36
2016-17,Zhou Qi,PF-C,11.27,3.46,31.5,32
2016-17,Malachi Richardson,SG-SF,10.56,3.33,33,38
2016-17,Pascal Siakam,PF,11.25,3.41,30.5,36.5
2016-17,Diamond Stone,C,12.02,3.5,27,29.5
2016-17,Caleb Swanigan,PF,12.8,-,26,29
2016-17,Melo Trimble,PG,10.57,3.2,26.5,35.5
2016-17,Tyler Ulis,PG,10.8,3.2,32.5,38
2016-17,Jarrod Uthoff,PF,11.52,3.5,29,34.5
2016-17,Denzel Valentine,SG-SF,10.51,3.46,27,32
2016-17,Isaiah Whitehead,PG-SG,11.65,3.34,27.5,35.5
2016-17,Troy Williams,SF,10.72,3.35,30,36
2016-17,Kyle Wiltjer,PF,11.35,3.48,28.5,35.5
2016-17,Stephen Zimmerman,C,12.08,3.43,26,31
2015-16,Justin Anderson,SF-SG,11.13,3.22,38,43
2015-16,Brandon Ashley,PF,11.21,3.58,31.5,35.5
2015-16,Ryan Boatright,PG,10.71,3.26,32,41
2015-16,Devin Booker,SG,10.27,3.28,27.5,34.5
2015-16,Anthony Brown,SF-SG,10.94,3.18,27.5,34.5
2015-16,Rakeem Christmas,PF-C,11.6,3.47,29,32
2015-16,Pat Connaughton,SG,10.58,3.2,37.5,44
2015-16,Quinn Cook,PG,11.44,3.38,24.5,31
2015-16,Branden Dawson,PF,12.22,3.2,28.5,34.5
2015-16,Sam Dekker,SF,10.64,3.28,25.5,34.5
2015-16,Michael Frazier II,SG,10.66,3.32,27,35
2015-16,Treveon Graham,SF,11.64,3.3,28.5,31.5
2015-16,Olivier Hanlan,PG-SG,11.41,3.25,28,34
2015-16,Andrew Harrison,PG,11.2,3.34,26.5,33
2015-16,Aaron Harrison,SG,-,3.27,28.5,34.5
2015-16,Tyler Harvey,SG,10.56,3.44,26,28.5
2015-16,Corey Hawkins,SG-PG,10.81,3.51,28.5,34
2015-16,Rondae Hollis-Jefferson,SF,10.41,3.12,32,38
2015-16,Jonathan Holmes,PF-SF,10.95,3.51,25.5,31
2015-16,Richaun Holmes,PF,11.24,3.32,32.5,36
2015-16,R.J. Hunter,SG,10.87,3.26,27.5,33.5
2015-16,Vince Hunter,PF,11.19,3.26,33.5,37.5
2015-16,Dakari Johnson,C,11.76,3.62,22.5,25
2015-16,Tyus Jones,PG,11.84,3.32,26.5,32.5
2015-16,Jarell Martin,PF,11.2,3.27,28.5,35
2015-16,TJ McConnell,PG,10.95,3.3,26,31.5
2015-16,Jordan Mickey,PF,11.72,3.28,33,37.5
2015-16,Larry Nance,PF,10.93,3.25,29,37.5
2015-16,Kelly Oubre,SF-SG,11.09,3.32,34.5,37
2015-16,Cameron Payne,PG,10.9,3.28,29.8,35.5
2015-16,Terran Petteway,SG,10.91,3.32,25,31
2015-16,Bobby Portis,PF,11.78,3.56,25,31.5
2015-16,Norman Powell,SG,10.69,3.2,32.5,40.5
2015-16,Michael Qualls,SG-SF,11.88,3.18,34,39.5
2015-16,Chasson Randle,PG,10.63,3.2,33.5,39.5
2015-16,Terry Rozier,PG-SG,10.84,3.15,33,38
2015-16,Keifer Sykes,PG,10.47,3.13,34,43
2015-16,Marcus Thornton,PG-SG,10.78,3.02,34.5,43
2015-16,J.P. Tokoto,SF-SG,10.97,3.27,34.5,40
2015-16,Rashad Vaughn,SG,11.4,3.21,28,34
2015-16,Chris Walker,PF,11.25,3.35,30.5,37
2015-16,Dez Wells,SG,10.56,3.2,31.5,39
2015-16,Alan Williams,PF,12.26,3.5,25.5,28.5
2015-16,Delon Wright,PG,11.16,3.29,29.5,31
2014-15,Jordan Adams,SG,12.13,3.5,24.5,29.5
2014-15,Thanasis Antetokounmpo,SF,11.39,3.18,31.5,39.5
2014-15,Jordan Bachynski,PF,12.15,3.36,29,33
2014-15,Cameron Bairstow,PF,11.39,3.37,31,33.5
2014-15,Khem Birch,PF,11.6,3.26,30.5,35.5
2014-15,Markel Brown,SG,12.62,3.18,36.5,43.5
2014-15,Jabari Brown,SG,11.6,3.5,28,32
2014-15,Alec Brown,PF,12.05,3.48,27,30
2014-15,Deonte Burton,PG,11.28,3.28,29,39.5
2014-15,Semaj Christon,PG,11.55,3.32,30.5,36.5
2014-15,Jordan Clarkson,PG,10.76,3.28,33,38.5
2014-15,Aaron Craft,PG,10.78,3.26,29,32
2014-15,DeAndre Daniels,SF,11.46,3.44,26.5,32
2014-15,Cleanthony Early,SF,11.15,3.18,34,40
2014-15,Melvin Ejim,SF,11.55,3.14,29.5,35
2014-15,Tyler Ennis,PG,11.12,3.3,29,36
2014-15,Dante Exum,SG,10.75,3.19,31.5,34.5
2014-15,C.J. Fair,SF,11,3.32,27,35
2014-15,Aaron Gordon,PF,10.81,3.27,32.5,39
2014-15,P.J. Hairston,SG,11.12,3.32,32,37
2014-15,Joe Harris,SG,11.11,3.31,28.5,33.5
2014-15,Rodney Hood,SF,11.21,3.38,29,36
2014-15,Cory Jefferson,PF,12.63,3.36,33,37.5
2014-15,Nick Johnson,SG,10.8,3.27,33.5,41.5
2014-15,Alex Kirk,PF,11.2,3.48,28.5,31.5
2014-15,Zach LaVine,PG,10.42,3.19,33.5,41.5
2014-15,Devyn Marble,SG,11.32,3.28,29,35
2014-15,James McAdoo,PF,11.61,3.28,29.5,34
2014-15,K.J. McDaniels,SF,12.71,3.1,33,37
2014-15,Doug McDermott,SF,11.1,3.29,28.5,36.5
2014-15,Jordan McRae,SG,11.07,3.39,27.5,34.5
2014-15,Shabazz Napier,PG,11.6,3.2,30.5,37.5
2014-15,Johnny O?Bryant III,PF,11.57,3.45,31,35.5
2014-15,Lamar Patterson,SG,11.63,3.45,27.5,32.5
2014-15,Elfrid Payton,PG,11.06,3.23,31.5,35.5
2014-15,Dwight Powell,PF,11.28,3.2,28.5,35
2014-15,Julius Randle,PF,11.45,3.27,29,35.5
2014-15,Glenn Robinson III,SF,11.22,3.15,36.5,41.5
2014-15,LaQuinton Ross,SF,11.97,3.44,25,31
2014-15,Marcus Smart,PG,10.82,3.26,33,36
2014-15,Russ Smith,PG,11.57,3.27,29.5,34
2014-15,Nik Stauskas,SG,10.79,3.27,29,35.5
2014-15,Jarnell Stokes,PF,11.92,3.26,31,36
2014-15,Xavier Thames,PG,11.48,3.48,29,32.5
2014-15,Noah Vonleh,PF,11.45,3.28,31,37
2014-15,T.J. Warren,SF,11.1,3.26,27,35.5
2014-15,C.J. Wilcox,SG,11.3,3.22,31,37.5
2014-15,Kendall Williams,PG,10.83,-,27,33
2014-15,James Young,SG,-,-,28,35.5
2014-15,Patric Young,PF,11.18,3.43,32,37.5
2013-14,Steven Adams,C,11.85,3.4,28.5,33
2013-14,Vander Blue,SG,10.4,3.14,28,37.5
2013-14,Lorenzo Brown,PG,11.78,3.4,28,34
2013-14,Reggie Bullock,SG-SF,11.33,3.31,31,36.5
2013-14,Trey Burke,PG,11.2,3.16,29.5,36.5
2013-14,Kentavious Caldwell-Pope,SG,10.6,3.12,29,34.5
2013-14,Isaiah Canaan,PG,10.98,3.22,33,40.5
2013-14,Jackie Carmichael,PF,11.83,3.35,30,32
2013-14,Michael Carter-Williams,PG,10.68,3.22,31.5,41
2013-14,Will Clyburn,SF-SG,11.68,3.38,28,34.5
2013-14,Robert Covington,SF-PF,11.69,3.34,29.5,36
2013-14,Allen Crabbe,SG,10.67,3.32,30.5,36
2013-14,Brandon Davies,PF,11.22,3.5,26,31.5
2013-14,Dewayne Dedmon,C,12.75,3.4,28,32.5
2013-14,James Ennis,SF,11.55,3.4,29.5,36.5
2013-14,Carrick Felix,SF-SG,11.16,3.25,32,38.5
2013-14,Rudy Gobert,C,12.85,3.57,25,29
2013-14,Archie Goodwin,SG,10.75,3.27,30,36
2013-14,Tim Hardaway Jr.,SG,10.68,3.25,31.5,37.5
2013-14,Solomon Hill,SF,10.77,3.19,29.5,37.5
2013-14,Colton Iverson,C,11.52,3.52,26.5,30
2013-14,Grant Jerrett,PF,11.85,3.51,28.5,34
2013-14,Myck Kabongo,PG,10.64,3.44,27.5,33.5
2013-14,Kenny Kadji,PF-C,11.47,3.44,34,38
2013-14,Shane Larkin,PG,10.64,3.08,34.5,44
2013-14,Ricky Ledo,SG,10.72,3.32,27,33.5
2013-14,CJ Leslie,PF-SF,10.19,3.1,32.5,40.5
2013-14,Trevor Mbakwe,PF,12.01,3.32,30,36.5
2013-14,Ray McCallum,PG,10.82,3.25,30.5,40
2013-14,CJ McCollum,PG-SG,11.02,3.32,32,38.5
2013-14,Ben McLemore,SG,11.87,3.27,32.5,42
2013-14,Tony Mitchell,PF-SF,11.82,3.52,33.5,38
2013-14,Shabazz Muhammad,SF-SG,10.99,3.32,29.5,37
2013-14,Erik Murphy,PF,12.19,3.57,24.5,29.5
2013-14,Mike Muscala,C-PF,11.76,3.44,28,33.5
2013-14,Victor Oladipo,SG,10.69,3.25,33,42
2013-14,Kelly Olynyk,PF-C,11.42,3.59,24.5,29.5
2013-14,Brandon Paul,SG,11.16,3.37,33.5,39.5
2013-14,Norvel Pelle,PF-C,11.49,3.32,31,34.5
2013-14,Mason Plumlee,C-PF,10.89,3.29,30.5,36
2013-14,Otto Porter,SF,11.25,3.4,27,36
2013-14,Phil Pressey,PG,10.86,3.13,33,38.5
2013-14,Glen Rice,SF-SG,10.99,3.25,33,40.5
2013-14,Andre Roberson,PF-SF,11.36,3.34,30,36.5
2013-14,Dennis Schroder,PG,11.09,3.21,30,34
2013-14,Peyton Siva,PG,10.59,3.16,33.5,41.5
2013-14,Tony Snell,SF-SG,11.36,3.25,30,36.5
2013-14,James Southerland,SF-PF,10.9,3.38,29,32
2013-14,Deshaun Thomas,SF,12.94,3.53,28.5,32
2013-14,Adonis Thomas,SF,11.64,3.32,34.5,40.5
2013-14,Jeff Withey,C,12.49,3.47,26.5,29
2013-14,Cody Zeller,C-PF,10.82,3.15,35.5,37.5
2012-13,Quincy Acy,PF,10.48,3.28,32,37
2012-13,Harrison Barnes,SF-SG,10.93,3.16,38,39.5
2012-13,Will Barton,SG-SF,12.5,3.6,30,34
2012-13,Bradley Beal,SG,10.95,3.28,33,39
2012-13,J'Covan Brown,PG,11.68,3.47,26,29.5
2012-13,William Buford,SG-SF,11.4,3.43,27.5,32.5
2012-13,Jae Crowder,SF,11.45,3.37,31,34.5
2012-13,Marcus Denmon,SG,10.82,3.19,33.5,40
2012-13,Andre Drummond,C,10.83,3.39,31.5,33.5
2012-13,Kim English,SG,10.59,3.33,29,36.5
2012-13,Festus Ezeli,C-PF,12.35,3.29,34,33.5
2012-13,Drew Gordon,PF,11.35,3.49,29,34
2012-13,JaMychal Green,PF,10.63,3.38,29.5,32.5
2012-13,Draymond Green,PF-SF,11.01,3.4,28,33
2012-13,Maurice Harkless,SF,10.87,3.25,32.5,37
2012-13,John Henson,PF,-,-,25.5,30
2012-13,Tu Holloway,PG,11,3.42,28,35
2012-13,Robbie Hummel,SF,11.56,3.41,27.5,30
2012-13,Bernard James,PF,11.84,3.4,30,32.5
2012-13,John Jenkins,SG,11.36,3.37,30.5,36.5
2012-13,Orlando Johnson,SG,10.98,3.25,32,39.5
2012-13,Darius Johnson-Odom,SG,10.76,3.21,33.5,41.5
2012-13,Terrence Jones,PF-SF,11.57,3.4,29.5,34.5
2012-13,Perry Jones,PF-SF,11.31,3.19,33,38.5
2012-13,Kevin Jones,PF,11.94,3.6,27.5,32.5
2012-13,Kris Joseph,SG,-,3.46,28.5,35
2012-13,Michael Kidd-Gilchrist,SF,11.77,3.18,32,35.5
2012-13,Jeremy Lamb,SG,10.98,3.25,31.5,38
2012-13,Doron Lamb,SG-PG,11.12,3.41,29,33.5
2012-13,Meyers Leonard,C,11.34,3.41,30,32.5
2012-13,Damian Lillard,PG,11.15,3.34,34.5,39.5
2012-13,Scott Machado,PG,11.26,3.3,27,32.5
2012-13,Kendall Marshall,PG,12.03,3.23,31,37
2012-13,Fab Melo,C,12.14,3.44,29.5,31
2012-13,Khris Middleton,SF,11.45,3.47,28,31
2012-13,Darius Miller,SF-SG,11.34,3.31,33,37
2012-13,Quincy Miller,SF,11.05,3.48,30.5,36
2012-13,Tony Mitchell,SG,11.72,3.47,31.5,40
2012-13,Arnett Moultrie,PF,11.32,3.22,33.5,37.5
2012-13,Kevin Murphy,SG,10.97,3.42,31,36.5
2012-13,Andrew Nicholson,PF,11.89,3.67,28.5,30.5
2012-13,Kyle O'Quinn,PF,11.65,3.53,31.5,31.5
2012-13,Miles Plumlee,PF-C,10.64,3.36,34,40.5
2012-13,Austin Rivers,SG-PG,11.54,3.32,32.5,37.5
2012-13,Thomas Robinson,PF,11.96,3.17,28.5,35.5
2012-13,Terrence Ross,SG-SF,11.78,3.28,31,37.5
2012-13,Mike Scott,PF,11.59,3.44,27,32.5
2012-13,Henry Sims,C-PF,12.33,3.44,26.5,29.5
2012-13,Jared Sullinger,PF,12.77,3.81,29.5,31
2012-13,Jeff Taylor,SF-SG,10.87,3.29,33.5,40
2012-13,Tyshawn Taylor,PG,11.48,3.2,32,36.5
2012-13,Jordan Taylor,PG,10.57,3.19,33,36.5
2012-13,Marquis Teague,PG,10.65,3.19,32.5,40.5
2012-13,Hollis Thompson,SF,11.72,3.38,28.5,36.5
2012-13,Tony Wroten,PG,10.75,3.24,30,35.5
2012-13,Tyler Zeller,PF-C,11.13,3.4,30,34
2011-12,Keith Benson,C-PF,11.88,3.35,31.5,36
2011-12,Marshon Brooks,SG,10.74,3.09,34,38.5
2011-12,Alec Burks,SG,10.96,3.17,29,36
2011-12,Jimmy Butler,SF,11.12,3.15,32,39
2011-12,Norris Cole,PG,10.07,3.22,29.5,38.5
2011-12,Jon Diebler,SG,10.94,3.37,28,35
2011-12,Michael Dunigan,PF-C,11.85,3.27,29.5,34.5
2011-12,LaceDarius Dunn,SG,11.45,3.27,26.5,31
2011-12,Kenneth Faried,PF,11.35,3.26,30.5,35
2011-12,James Fredette,PG,10.42,3.21,28,33
2011-12,Andrew Goudelock,PG,10.33,3.1,32.5,37
2011-12,Jordan Hamilton,SF,11.47,3.3,25,32
2011-12,Justin Harper,PF-SF,11.92,3.3,28.5,33
2011-12,Tobias Harris,SF-PF,10.96,3.17,31.5,37.5
2011-12,Tyler Honeycutt,SF,11.68,3.07,30,37
2011-12,Scotty Hopson,SG,10.47,3.18,32.5,36
2011-12,Rick Jackson,PF,11.51,3.26,28.5,33
2011-12,Charles Jenkins,PG-SG,11.68,3.18,29.5,34
2011-12,JaJuan Johnson,PF,11.21,3.14,33.5,38
2011-12,Cory Joseph,PG,10.75,3.27,27.5,35
2011-12,Enes Kanter,PF-C,11.3,3.26,26,32.5
2011-12,Brandon Knight,PG,10.74,3.07,29,37.5
2011-12,Malcolm Lee,SG,11.2,3.09,30,35.5
2011-12,Kawhi Leonard,SF,11.45,3.15,25.5,32
2011-12,Travis Leslie,SG,11,3.13,33,40.5
2011-12,Jon Leuer,PF,10.82,3.36,29.5,36.5
2011-12,DeAndre Liggins,SF-SG,-,3.33,27,31
2011-12,David Lighty,SG,10.81,3.25,28.5,33
2011-12,Shelvin Mack,PG,11.23,3.18,32,39
2011-12,Demetri McCamey,PG,11.55,3.19,27,33
2011-12,E'Twaun Moore,SG,11.12,3.31,32,34.5
2011-12,Markieff Morris,PF,-,3.4,27,31.5
2011-12,Marcus Morris,PF-SF,-,3.15,29,33
2011-12,Darius Morris,PG-SG,11,3.2,24.5,32
2011-12,Chandler Parsons,SF,11.05,3.29,25.5,31.5
2011-12,Jereme Richmond,SF,11.74,3.02,27,33.5
2011-12,Josh Selby,SG-PG,11.13,3.2,29.5,42
2011-12,Iman Shumpert,PG-SG,11.1,3.18,36.5,42
2011-12,Kyle Singler,SF,11.22,3.21,23,30
2011-12,Chris Singleton,SF,11.33,3.09,30.5,37.5
2011-12,Jamie Skeen,PF,12.43,3.46,26,30.5
2011-12,Gregory Smith,PF-C,12.43,3.36,29.5,36
2011-12,Nolan Smith,PG,11.05,3.17,28.5,34
2011-12,Malcolm Thomas,PF,11.31,3.29,32,36.5
2011-12,Isaiah Thomas,PG,10.49,3.14,31.5,40
2011-12,Trey Thompkins,PF,11.72,3.41,27.5,30.5
2011-12,Klay Thompson,SG,10.99,3.24,26.5,31.5
2011-12,Tristan Thompson,PF,10.92,3.26,30,35
2011-12,Jeremy Tyler,PF-C,11.26,3.29,28,33.5
2011-12,Nikola Vucevic,PF-C,12.02,3.27,23.5,25
2011-12,Kemba Walker,PG,10.87,3.16,32,39.5
2011-12,Derrick Williams,PF-SF,11.03,3.23,29,34.5
2011-12,Jordan Williams,PF,12.74,3.45,25,30.5
2010-11,Solomon Alabi,C,13.2,3.68,22.5,26
2010-11,Cole Aldrich,C,11.48,3.35,23,28
2010-11,Al-Farouq Aminu,SF,11.29,3.3,27,33.5
2010-11,James Anderson,SF,11.86,3.19,30,35.5
2010-11,Luke Babbitt,SF-PF,10.98,3.4,29.5,37.5
2010-11,Trevor Booker,PF,11.15,3.1,31,36
2010-11,Craig Brackins,PF-SF,11.65,3.39,26,35
2010-11,Avery Bradley,SG-PG,11.47,3.14,31.5,37.5
2010-11,Derrick Caracter,PF,12.78,3.61,25,30.5
2010-11,Sherron Collins,PG,12.31,3.24,27.5,33
2010-11,DeMarcus Cousins,C,11.4,3.55,23.5,27.5
2010-11,Jordan Crawford,SG,11.03,3.37,31.5,34.5
2010-11,Ed Davis,PF,11.7,3.21,31,36
2010-11,Devin Ebanks,SF,11.69,3.44,23.5,32
2010-11,Derrick Favors,PF,11.74,3.25,31.5,35.5
2010-11,Keith Gallon,PF-C,13.44,3.7,23.5,28.5
2010-11,Charles Garcia,SF,11.65,3.23,24.5,30.5
2010-11,Luke Harangody,PF,11.83,3.41,24,28.5
2010-11,Gordon Hayward,SF,11.73,3.22,30.5,34.5
2010-11,Lazar Hayward,SG-SF,10.87,3.31,31,36
2010-11,Xavier Henry,SG,11.1,3.18,28.5,36.5
2010-11,Darington Hobson,SG-SF,11.68,3.25,29,34
2010-11,Damion James,SF,10.89,3.2,29,33
2010-11,Armon Johnson,PG-SG,11.25,3.19,31.5,38.5
2010-11,Wesley Johnson,SF,11.43,3.14,32,37
2010-11,Dominique Jones,SG,10.88,3.31,26,32.5
2010-11,Sylven Landesberg,SG,11.59,3.36,28,32
2010-11,Gani Lawal,PF,11.61,3.24,27,31.5
2010-11,Greg Monroe,PF-C,12.1,3.35,25,29
2010-11,Daniel Orton,C,12.32,3.39,24,30.5
2010-11,Artsiom Parakhouski,C,12.07,3.33,25.5,26.5
2010-11,Patrick Patterson,PF,11.14,3.25,28.5,33.5
2010-11,Andy Rautins,SG,11.27,3.49,23.5,30.5
2010-11,Ryan Richards,PF,11.33,3.37,25,28.5
2010-11,Stanley Robinson,SF,11.65,3.23,-,37.5
2010-11,Larry Sanders,PF-C,12.49,3.27,25.5,28
2010-11,Lance Stephenson,SG,11.39,3.38,27,33
2010-11,Mikhail Torrance,PG,11.43,3.17,23,32
2010-11,Evan Turner,SG,11.06,3.27,27.5,34.5
2010-11,Ekpe Udoh,PF,11.15,3.29,31,33.5
2010-11,Jarvis Varnado,PF-C,11.61,3.37,29.5,32.5
2010-11,John Wall,PG,10.84,3.14,30,39
2010-11,Willie Warren,SG-PG,11.21,3.5,23,31.5
2010-11,Terrico White,SG-PG,11.38,3.15,31,40
2010-11,Hassan Whiteside,C-PF,11.83,3.54,27,31.5
2009-10,Jeff Adrien,PF,11.34,3.32,27.5,31.5
2009-10,Jeff Ayres,PF,11.98,3.14,31,35
2009-10,Rodrigue Beaubois,PG,10.49,3.15,29.5,39
2009-10,DeJuan Blair,PF,11.5,3.45,26,33
2009-10,Derrick Brown,SF-PF,11.26,3.13,30.5,35.5
2009-10,Chase Budinger,SF-SG,11.08,3.24,29.5,38.5
2009-10,Omri Casspi,SF,11.15,3.28,25.5,32.5
2009-10,Dionte Christmas,SG,10.83,3.21,27,33.5
2009-10,Earl Clark,SF-PF,11.17,3.35,28.5,33
2009-10,Darren Collison,PG,10.45,3.1,30.5,33.5
2009-10,Dante Cunningham,PF,11.18,3.26,28,35
2009-10,Stephen Curry,PG-SG,11.07,3.28,29.5,35.5
2009-10,Austin Daye,SF-PF,12.11,3.55,25,28
2009-10,DeMar DeRozan,SG-SF,11.88,3.31,29,38.5
2009-10,Toney Douglas,PG,10.63,3.03,28,32.5
2009-10,Wayne Ellington,SG,11.14,3.2,31.5,38
2009-10,Tyreke Evans,PG-SG,11.81,3.17,28.5,34
2009-10,Jonny Flynn,PG,10.86,3.23,33,40
2009-10,Taj Gibson,PF,11.56,3.41,25.5,30
2009-10,Danny Green,SG-SF,11.3,3.3,29,33
2009-10,Blake Griffin,PF,10.95,3.28,32,35.5
2009-10,Tyler Hansbrough,PF,11.12,3.27,27.5,34
2009-10,James Harden,SG,11.1,3.13,31.5,37
2009-10,Gerald Henderson,SG-SF,11.17,3.14,31.5,35
2009-10,Josh Heytvelt,PF-C,11.67,3.38,28.5,34
2009-10,Jordan Hill,PF-C,12.23,3.3,31,35
2009-10,Jrue Holiday,PG-SG,10.64,3.21,28.5,34
2009-10,Joe Ingles,SF,10.66,3.3,26,31
2009-10,James Johnson,SF-PF,11.21,3.23,30.5,35
2009-10,Ty Lawson,PG,10.98,3.12,29,36.5
2009-10,Eric Maynor,PG,10.78,3.19,28.5,31.5
2009-10,Jack McClinton,SG-PG,10.44,3.21,30,36.5
2009-10,Jerel McNeal,SG,10.61,3.25,31.5,36.5
2009-10,Jodie Meeks,SG,10.96,3.1,28.5,37
2009-10,Patty Mills,PG,10.87,3.1,27.5,33
2009-10,Byron Mullens,C,11.1,3.45,28.5,32.5
2009-10,A.J. Price,PG,10.99,3.22,26,31
2009-10,Tyler Smith,SF,10.69,3.24,29,33.5
2009-10,DaJuan Summers,SF,10.94,3.17,29.5,34.5
2009-10,Jermaine Taylor,SG,11.54,3.32,34,37.5
2009-10,Jeff Teague,PG,11.05,3.18,30.5,36.5
2009-10,Marcus Thornton,SG,10.73,3.28,31,33
2009-10,Terrence Williams,SG-SF,11.15,3.18,30.5,37
2009-10,Sam Young,SF-SG,11.47,3.45,27.5,33
2008-09,Joe Alexander,SF-PF,11.33,2.99,32.5,38.5
2008-09,Darrell Arthur,PF,12.18,3.14,28.5,30
2008-09,D.J. Augustin,PG,11.27,3.07,28.5,35
2008-09,Jerryd Bayless,PG-SG,11.26,3.07,31,38
2008-09,Michael Beasley,PF-SF,11.06,3.24,30,35
2008-09,Ramel Bradley,PG-SG,10.68,3.24,24.5,29.5
2008-09,Tyrone Brazelton,PG,11.59,3.25,30,34
2008-09,Takais Brown,PF,12.47,3.25,29,31
2008-09,Keith Brumbaugh,SF-PF,11.65,3.28,26,27
2008-09,Stanley Burrell,PG,11.19,3.19,29.5,34.5
2008-09,Brian Butch,C-PF,11.87,3.52,24,26.5
2008-09,Joe Crawford,SG,11.67,3.22,31,36
2008-09,Chris Daniels,C-PF,12.72,3.56,26,28.5
2008-09,Joey Dorsey,PF-C,11.84,3.2,27.5,33
2008-09,Marcus Dove,SF-PF,11.59,3.26,27.5,33.5
2008-09,Josh Duncan,PF,12.47,3.26,28,32
2008-09,Frank Elegar,PF,11.86,3.17,33.5,37.5
2008-09,Patrick Ewing Jr.,SF-PF,11.77,3.43,35,42
2008-09,Gary Forbes,SG,11.45,3.25,27.5,33.5
2008-09,Shan Foster,SG,12.3,3.24,30,33
2008-09,James Gist,PF,11.37,3.14,30.5,35
2008-09,Vladimir Golubovic,C,12.4,3.33,21.5,27
2008-09,Eric Gordon,SG,10.81,3.01,32,40
2008-09,Kentrell Gransberry,C,12.16,3.32,24.5,27.5
2008-09,Donte Greene,SF-PF,11.21,3.2,27.5,31.5
2008-09,Malik Hairston,SG,11.33,3.08,30.5,38
2008-09,DeVon Hardin,C-PF,11.49,3.33,29.5,32
2008-09,Richard Hendrix,PF,10.62,3.27,26.5,28
2008-09,George Hill,PG,12.2,3.07,34,37.5
2008-09,Kyle Hines,SF-PF,12.17,3.4,28.5,33
2008-09,Jiri Hubalek,C-PF,12.26,3.54,20.5,26
2008-09,Lester Hudson,PG,11.15,3.16,30.5,36
2008-09,Othello Hunter,PF-SF,11.51,3.18,28,34.5
2008-09,Darnell Jackson,PF,11.75,3.26,27,31
2008-09,Davon Jefferson,SF,12.02,3.36,27,32
2008-09,Joseph Jones,PF,11.61,3.33,25.5,31
2008-09,DeAndre Jordan,C,12.3,3.27,26,30.5
2008-09,Sasha Kaun,C-PF,12.06,3.2,29,32
2008-09,Marcelus Kemp,SG,11.79,3.39,26,30
2008-09,Maarty Leunen,SF,11.57,3.36,29.5,34.5
2008-09,Brook Lopez,C,12.77,3.57,27.5,30.5
2008-09,Kevin Love,PF,11.17,3.22,29.5,35
2008-09,Aleks Maric,C,11.76,3.35,23,28
2008-09,O.J. Mayo,SG-PG,11.04,3.14,30.5,41
2008-09,James Mays,PF,11.23,3.19,29.5,35
2008-09,Luc Mbah a Moute,SF,11.71,3.17,32,38.5
2008-09,JaVale McGee,C-PF,12.75,3.25,27,32.5
2008-09,Drew Neitzel,PG,11.19,3.2,25.5,32
2008-09,DeMarcus Nelson,PG-SG,10.54,3.13,34.5,38.5
2008-09,David Padgett,C-PF,12.45,3.45,24,28
2008-09,Jeremy Pargo,PG,10.65,3.07,32,37
2008-09,Trent Plaisted,PF,11.32,3.17,30.5,35.5
2008-09,Quan Prowell,SF-PF,11.79,3.14,32,36
2008-09,Shaun Pruitt,C-PF,11.3,3.4,27,32.5
2008-09,Anthony Randolph,PF-SF,11.86,3.26,29,35
2008-09,Charles Rhodes,PF,11.51,3.13,26.5,33.5
2008-09,Brian Roberts,PG,10.65,3.05,31.5,36.5
2008-09,Russell Robinson,PG,11.3,3.15,25,31.5
2008-09,Derrick Rose,PG,11.69,3.05,34.5,40
2008-09,Sean Singletary,PG,-,-,26,-
2008-09,Ronald Steele,PG,11.08,3.26,25,29.5
2008-09,Bryce Taylor,SG,11.08,3.19,34.5,41
2008-09,Mike Taylor,SG-PG,10.98,3.08,31,39
2008-09,Mark Tyndale,SG-SF,12.52,3.14,27,33.5
2008-09,Robert Vaden,SG,11.97,3.4,26,29.5
2008-09,Deron Washington,SF,11.03,3.09,34,40
2008-09,Sonny Weems,SG-SF,10.58,2.96,29,36.5
2008-09,Russell Westbrook,PG,10.98,3.08,30,36.5
2008-09,Reggie Williams,SG,11.32,3.07,31.5,36.5
2007-08,Mohamed Abukar,SF,11.78,3.37,30.5,35
2007-08,Mario Boggan,PF,12.18,3.45,24,26.5
2007-08,Craig Bradshaw,PF,11.88,3.54,26,28
2007-08,Corey Brewer,SF-SG,11.69,3.22,30.5,36.5
2007-08,Aaron Brooks,PG,10.57,3.2,32.5,39.5
2007-08,Bobby Brown,PG,11.27,3.25,32.5,41
2007-08,Russell Carter,SG,11.61,3.29,33,38.5
2007-08,Coleman Collins,PF,11.47,-,30,35
2007-08,Mike Conley,PG,11.63,3.09,35.5,40.5
2007-08,Daequan Cook,SG,11.12,3.22,30,34.5
2007-08,Ryvon Covile,C-PF,12.52,3.37,25,30.5
2007-08,Javaris Crittenton,PG,11.6,3.32,32.5,38
2007-08,Jermareo Davidson,PF,12.63,3.53,27,30
2007-08,Zabian Dowdell,PG,11.13,3.29,30,33.5
2007-08,Jared Dudley,SF,11.32,3.45,28,32
2007-08,Kevin Durant,SF-PF,12.33,3.45,26,33.5
2007-08,Rashaun Freeman,PF,11.43,3.41,28,32
2007-08,Aaron Gray,C,12.07,3.7,27,32.5
2007-08,Jeff Green,SF,12,3.34,33.5,38
2007-08,Taurean Green,PG,11.3,3.26,29,32.5
2007-08,Caleb Green,PF,11.72,3.46,28.5,36
2007-08,Spencer Hawes,PF,11.88,3.51,26,29
2007-08,Brandon Heath,PG,11.39,3.28,32,36
2007-08,Herbert Hill,C,12.31,3.39,30.5,34
2007-08,Al Horford,PF,12.15,3.37,31,35.5
2007-08,Quinton Hosley,SF-SG,12.47,3.32,28.5,34
2007-08,James Hughes,C,13.31,3.37,31,33
2007-08,Jeremy Hunt,SG,12.11,3.29,30.5,33
2007-08,Ekene Ibekwe,PF,11,3.28,34.5,39
2007-08,Dominic James,PG,10.94,3.11,33.5,38.5
2007-08,Trey Johnson,SG,11.78,3.31,26.5,35
2007-08,Rashad Jones-Jennings,PF,12.18,3.29,25,30
2007-08,Jared Jordan,PG,11.02,3.39,24.5,28.5
2007-08,Coby Karl,SG-PG,11.57,3.41,32,34.5
2007-08,Antanas Kavaliauskas,PF,11.19,3.42,25.5,30
2007-08,Carl Landry,PF,11.35,3.29,31.5,36.5
2007-08,Stephane Lasme,PF,11.73,3.22,29.5,36
2007-08,Acie Law,PG,11,3.22,29,34
2007-08,Marko Lekic,C,11.96,3.43,24,30.5
2007-08,Ron Lewis,SG,11.59,3.22,33,38
2007-08,Cartier Martin,SF,12.1,3.43,27,29.5
2007-08,Dominic McGuire,SF,10.95,3.25,28.5,34.5
2007-08,Josh McRoberts,PF,11.7,3.47,27.5,31.5
2007-08,Sammy Mejia,SG,11.87,3.49,27,31.5
2007-08,Brad Newley,SG,11.77,3.29,29.5,31.5
2007-08,Demetris Nichols,SF,10.39,3.38,28.5,32.5
2007-08,Joakim Noah,PF,11.79,3.47,32.5,37.5
2007-08,Greg Oden,C,11.67,3.27,32,34
2007-08,Ivan Radenovic,PF,11.61,3.6,23,28
2007-08,JR Reynolds,PG,11.69,3.24,27.5,34.5
2007-08,Chris Richard,PF,11.39,3.29,26.5,30.5
2007-08,Dustin Salisbery,SG,11.07,3.12,34,38
2007-08,Blake Schilb,SG,11.63,3.36,26.5,33.5
2007-08,Renaldas Seibutis,SG,11.33,3.39,24,32.5
2007-08,Ramon Sessions,PG,11.65,3.27,29.5,33.5
2007-08,Mustafa Shakur,PG,11.82,3.27,28.5,35
2007-08,Jason Smith,PF,10.96,3.29,33.5,37.5
2007-08,DJ Strawberry,SG,10.87,3.14,28.5,35
2007-08,Rodney Stuckey,SG-PG,11.34,3.11,30.5,35
2007-08,Curtis Sumpter,SF,11.3,3.22,27.5,32.5
2007-08,Yue Sun,SF,10.68,3.45,29,34
2007-08,Jamaal Tatum,PG,11.51,3.22,28.5,33
2007-08,Reyshawn Terry,SF,11.76,3.26,31,37.5
2007-08,Al Thornton,SF,11.96,3.16,35,41
2007-08,Anthony Tolliver,PF,11.49,3.29,28.5,30
2007-08,Ali Traore,C-PF,12.16,3.52,25,29
2007-08,Kyle Visser,C,12.6,3.39,26,29
2007-08,Darryl Watkins,C,11.65,3.56,26.5,31
2007-08,Major Wingate,C,12.14,3.47,27.5,30.5
2007-08,DaShaun Wood,PG,11.4,3.23,31.5,34.5
2007-08,Julian Wright,SF-PF,11.48,3.36,28.5,33.5
2007-08,Brandan Wright,PF,11.76,3.31,30.5,35.5
2007-08,Avis Wyatt,PF,11.46,3.23,27.5,32
2007-08,Thaddeus Young,SF,11.06,3.19,34.5,37
2007-08,Nick Young,SG-SF,11,3.25,39.5,40.5
2006-07,Kenny Adeleke,PF-C,11.57,3.47,28.5,30.5
2006-07,Maurice Ager,SG-PG,11.73,3.22,29.5,35
2006-07,LaMarcus Aldridge,PF-C,12.02,3.43,26.5,34
2006-07,Morris Almond,SG-SF,11.45,3.19,31,35.5
2006-07,Lou Amundson,PF,10.58,3.2,32,35.5
2006-07,Rashad Anderson,SG,11.77,3.48,27.5,32.5
2006-07,Hilton Armstrong,C-PF,12.28,3.53,28.5,31.5
2006-07,James Augustine,PF,10.54,3.25,30,32.5
2006-07,Renaldo Balkman,SF-PF,11.58,3.22,30.5,35
2006-07,J.P. Batista,PF,11.62,3.38,26,30.5
2006-07,Will Blalock,PG,11.08,3.18,35,40
2006-07,Brandon Bowman,SF,11.41,3.31,31,34
2006-07,Ronnie Brewer,SG-PG,11.32,3.14,35,41
2006-07,Denham Brown,SG-SF,11.42,3.25,28,34.5
2006-07,Brad Buckman,PF,12.26,3.54,25.5,30.5
2006-07,Nik Caner-Medley,SF,10.57,3.21,28.5,35.5
2006-07,Rodney Carney,SG-SF,10.57,3.06,32,38.5
2006-07,Keydren Clark,PG,11.03,3.11,31,34
2006-07,Mardy Collins,PG-SG,12,3.27,31.5,37.5
2006-07,Taquan Dean,SG-PG,10.53,3.2,30.5,34.5
2006-07,Terence Dials,PF-C,11.54,3.5,26.5,30
2006-07,Sean Dockery,PG-SG,10.88,3.34,29,33
2006-07,Jordan Farmar,PG,11.07,3.17,33.5,42
2006-07,Randy Foye,SG-PG,10.53,3.23,32,38
2006-07,Torin Francis,PF-C,11.97,3.51,26.5,32
2006-07,Rudy Gay,SF-PF,11.03,3.32,33,40.5
2006-07,Nick George,SF-SG,11.69,3.25,30.5,38
2006-07,Taj Gray,PF-SF,11.02,3.45,28.5,33
2006-07,Dan Grunfeld,SF-SG,11.3,3.46,28,33.5
2006-07,Matt Haryasz,PF-C,11.34,3.46,27.5,31.5
2006-07,Eric Hicks,PF,12.06,3.34,30,34
2006-07,Tedric Hill,SF-PF,12.23,3.24,30,36.5
2006-07,Daniel Horton,PG-SG,10.35,3.16,30,36.5
2006-07,Solomon Jones,PF-C,11.27,3.3,32,39
2006-07,Bobby Jones,SF-SG,11.23,3.28,28.5,34.5
2006-07,Viktor Keyru,SG-PG,11.4,3.24,29,34.5
2006-07,Marco Killingsworth,PF,11.42,3.34,28,32
2006-07,Tarence Kinsey,SF-SG,10.67,3.3,29,35.5
2006-07,Carl Krauser,PG,11.62,3.38,26,31
2006-07,Chris McCray,SG,11.46,3.34,30.5,39
2006-07,Gerry McNamara,PG-SG,11.28,3.4,27,32
2006-07,Pops Mensah-Bonsu,PF-C,11.47,3.29,31.5,36
2006-07,Paul Miller,PF-C,12.25,3.66,29,35.5
2006-07,Paul Millsap,PF,11.67,3.3,28.5,32.5
2006-07,Dwayne Mitchell,SG-SF,11.45,3.16,37.5,41.5
2006-07,Adam Morrison,SF,11.46,3.37,25.5,30.5
2006-07,Yemi Nicholson,PF-C,12.57,3.65,26.5,26
2006-07,David Noel,SF-SG,10.54,3.07,34.5,38.5
2006-07,Steve Novak,SF,11.11,3.37,24.5,31
2006-07,Patrick O'Bryant,C,12.68,3.63,26.5,30
2006-07,Danilo Pinnock,PG-SG,11.91,3.08,29.5,35.5
2006-07,Chris Quinn,PG-SG,11.25,3.25,32,37
2006-07,Allan Ray,SG,11.01,3.2,28.5,35.5
2006-07,JJ Redick,SG,10.94,3.29,27.5,33
2006-07,Antywane Robinson,SF-PF,11.73,3.4,29,32.5
2006-07,Brandon Roy,SG-SF,11.13,3.27,34,40.5
2006-07,Blake Schilb,PG-SG,11.25,3.43,28.5,34.5
2006-07,Mouhamed Sene,C,12.52,3.38,28.5,31
2006-07,Cedric Simmons,PF-C,11.05,3.31,30.5,35
2006-07,Marcus Slaughter,PF-SF,11.56,3.4,30,34
2006-07,Craig Smith,PF,11.59,3.4,30,29.5
2006-07,Steven Smith,SF-PF,12.08,3.4,29.5,34.5
2006-07,Michael Southhall,C,12.29,3.51,31.5,37
2006-07,Frans Steyn,C,11.67,3.38,28.5,29.5
2006-07,Curtis Stinson,SG,10.95,3.27,28,31.5
2006-07,Tyrus Thomas,PF-SF,11.36,3.2,34,39.5
2006-07,Joah Tucker,SF-SG,11.58,3.31,29,34
2006-07,Ian Vouyoukas,C-PF,13.7,3.72,23,28
2006-07,Darius Washington,PG,10.71,3.26,29,37.5
2006-07,CJ Watson,PG,11.61,3.15,31.5,34
2006-07,Justin Williams,C-PF,11.9,3.31,26.5,31.5
2006-07,Shelden Williams,PF-C,11.53,3.59,29,33.5
2006-07,Shawne Williams,SF-PF,10.69,3.3,32,31
2006-07,Eric Williams,C-PF,11.71,3.56,28.5,29
2006-07,Marcus Williams,PG,11.3,3.4,24.5,28
2006-07,Curtis Withers,PF-SF,11.54,3.1,35,36.5
2005-06,Alex Acker,SG,11.67,3.35,28,32
2005-06,Deji Akindele,C-PF,12.58,3.35,30.5,32.5
2005-06,Mustafa Al-Sayyad,PF-C,11.56,3.42,26.5,30.5
2005-06,Alan Anderson,SG-SF,10.32,3.27,26.5,30.5
2005-06,Martynas Andriuskevicius,C-PF,11.94,3.42,24,27.5
2005-06,Sean Banks,SF,11.74,3.35,25,31.5
2005-06,Eddie Basden,SG-SF,10.52,3.21,33,36.5
2005-06,Mike Bell,SF-PF,11.73,3.29,33.5,39.5
2005-06,Andrew Bogut,C-PF,12.06,3.51,27.5,33.5
2005-06,Will Bynum,PG-SG,11.12,3,33,40.5
2005-06,Will Conroy,PG,10.51,3.28,30.5,36.5
2005-06,Taylor Coppenrath,PF-SF,11.51,3.44,24.5,27
2005-06,Travis Diener,PG-SG,10.85,3.26,24.5,31
2005-06,Ike Diogu,PF,11.94,3.45,28,31
2005-06,Daryl Dorsey,PG,11.41,3.24,25,30.5
2005-06,Monta Ellis,SG-PG,12.13,3.31,26.5,31.5
2005-06,Raymond Felton,PG,10.5,3.06,29,33.5
2005-06,Rudy Fernandez,SG,10.48,3.33,26.5,35.5
2005-06,D'Or Fischer,C-PF,12.53,3.5,28,30.5
2005-06,Eddy Fobbs,C-PF,11.53,3.28,29.5,34
2005-06,Sharrod Ford,PF,11.92,3.2,28.5,37
2005-06,Channing Frye,PF-C,11.6,3.38,27.5,31
2005-06,Deng Gai,PF-C,12.51,3.27,31.5,35.5
2005-06,Francisco Garcia,SF-SG,10.63,3.33,27.5,31.5
2005-06,John Gilchrist,PG,11.48,3.15,30.5,36.5
2005-06,Marcin Gortat,PF-C,11.48,3.33,29.5,36
2005-06,Joey Graham,SF,10.62,3.05,30,36
2005-06,Danny Granger,,10.84,3.34,31,34
2005-06,Gerald Green,SF,11.2,3.21,31.5,39
2005-06,Charles Hayes,SF-PF,10.7,3.34,30,33
2005-06,Luther Head,PG-SG,11.12,3.21,31.5,38.5
2005-06,Julius Hodge,SG-SF,10.89,3.18,24.5,29
2005-06,Ersan Ilyasova,SF,11.59,3.56,22,30
2005-06,Jarrett Jack,PG,10.87,3.24,26,28.5
2005-06,Dwayne Jones,C-PF,11.87,3.25,28,31.5
2005-06,Mindaugas Katelynas,SF-PF,11.6,3.38,31.5,35
2005-06,Jason Klotz,C-PF,13.13,3.68,21.5,27
2005-06,Carl Krauser,PG-SG,11.62,3.38,26,31
2005-06,Keith Langford,SG-SF,11.38,3.23,32,29.5
2005-06,David Lee,PF,10.8,3.19,30.5,32.5
2005-06,John Lucas III,PG,10.44,3.14,29,34
2005-06,Rawle Marshall,SG-SF,11.64,3.21,30.5,37
2005-06,Sean May,PF,11.04,3.29,30,33
2005-06,Rashad McCants,SG,10.39,3.11,32.5,34.5
2005-06,Ivan McFarlin,PF,10.64,3.27,26.5,32
2005-06,Juan Mendez,PF-SF,11.7,3.24,29,33
2005-06,Aaron Miles,PG,10.69,3.22,32,37.5
2005-06,Ellis Myles,PF,12.8,3.42,26,28.5
2005-06,Larry O'Bannon,SG,11.44,3.18,31.5,36.5
2005-06,Drago Pasalic,SF-PF,12.12,3.48,25,30.5
2005-06,Chris Paul,PG,11.09,3.22,32,38
2005-06,Carlos Powell,SF-PF,11.54,3.21,27.5,34.5
2005-06,Ronnie Price,PG,10.49,3.29,31.5,39
2005-06,Anthony Roberson,PG,11.17,3.19,31.5,37
2005-06,Brandon Rush,SG-SF,11.33,3.31,32.5,35
2005-06,Luke Schenscher,C,12.4,3.47,23.5,26.5
2005-06,Wayne Simien,PF,11.05,3.35,27,27.5
2005-06,Tre Simmons,SG-SF,10.8,3.18,27,31.5
2005-06,David Simon,C-PF,11.98,3.44,28,33
2005-06,Chris Taft,PF,11.26,3.27,28.5,33
2005-06,Chris Thomas,PG,10.84,3.33,28.5,34
2005-06,Omar Thomas,SF-SG,11.11,3.27,25,29.5
2005-06,Ronny Turiaf,PF,11.5,3.23,30.5,33
2005-06,Charlie Villanueva,PF-SF,10.86,3.3,26,31
2005-06,Hakim Warrick,PF-SF,-,3.22,33,38
2005-06,Martell Webster,SF,11.39,3.39,28,30.5
2005-06,Robert Whaley,PF-C,12.11,3.25,28.5,33.5
2005-06,Deron Williams,PG,10.83,3.25,30,35
2005-06,Jawad Williams,SF,11.39,3.23,28,34
2005-06,Marvin Williams,PF-SF,11.11,3.17,29.5,35
2005-06,Bracey Wright,SG-PG,11.58,3.27,30,36
2005-06,Antoine Wright,SF-SG,11.45,3.41,26.5,29.5
2004-05,Tony Allen,SG,10.7,3.19,31.5,36.5
2004-05,Trevor Ariza,SG-SF,11.63,3.29,29.5,32
2004-05,Andre Barrett,PG,10.63,3.08,29,34.5
2004-05,Brandon Bass,PF,11.61,3.24,31.5,33
2004-05,Brian Boddicker,SF-PF,10.93,3.25,28,30
2004-05,Tim Bowers,PG-SG,11.24,3.21,37,43.5
2004-05,Andre Brown,PF-C,11.7,3.22,32,35.5
2004-05,Jackie Butler,C,13.32,3.4,23,25
2004-05,Aleksandar Capin,PG,11.5,3.27,23,29
2004-05,Ales Chan,C,12.9,3.62,21,29
2004-05,Josh Childress,SG-SF,11.95,3.38,29,36
2004-05,TJ Cummings,SF,11.58,3.12,27,31
2004-05,Erik Daniels,SF-PF,11.38,3.19,31,32
2004-05,Luol Deng,SF,11.46,3.34,27.5,31.5
2004-05,Marcus Douthit,C-PF,11.64,3.34,25.5,31.5
2004-05,Chris Duhon,PG,10.45,3.14,31.5,35
2004-05,Desmon Farmer,SG,10.89,3.2,24,31
2004-05,Luis Flores,PG-SG,10.97,3.1,29,32
2004-05,Matt Freije,SF-PF,11.15,3.25,29.5,31
2004-05,Chris Garnett,C-PF,11.75,3.36,27,31.5
2004-05,Ryan Gomes,SF-PF,12.49,3.24,26.5,30.5
2004-05,Ben Gordon,PG-SG,11.28,3.19,31.5,37.5
2004-05,Devin Harris,PG,11.03,3.19,30.5,37
2004-05,Dwight Howard,PF-C,11.21,3.14,30.5,35.5
2004-05,Rolando Howell,PF,11.91,3.28,28.5,34.5
2004-05,Kris Humphries,PF,11.33,3.2,29.5,36
2004-05,Andre Iguodala,SG-SF,11.17,3.18,30.5,34.5
2004-05,Martin Iti,C-PF,12.28,3.41,26.5,32.5
2004-05,Luke Jackson,SF-SG,11.1,3.24,26.5,36
2004-05,Al Jefferson,PF-SF,13.08,3.29,28.5,30
2004-05,Arthur Johnson,PF-C,11.81,3.38,26.5,28.5
2004-05,Ivan Koljevic,PG,11.07,3.28,26,28.5
2004-05,Shaun Livingston,PG-SG,10.72,3.23,26.5,30
2004-05,Jaime Lloreda,PF,12.93,3.23,25.5,29.5
2004-05,Bryant Matthews,SF-SG,11.08,3.13,29,34.5
2004-05,Marcus Melvin,SF-PF,11.81,3.33,25,30.5
2004-05,Rich Melzer,PF-SF,11.74,3.39,24.5,28.5
2004-05,Ricky Minard,PG-SG,10.94,3.1,27.5,33
2004-05,Marcus Moore,PG-SG,11.31,3.34,25,30
2004-05,James Moore,PF-SF,11.01,3.21,28.5,32.5
2004-05,Michel Morandais,SG-SF,11.45,3.22,30.5,33.5
2004-05,Jameer Nelson,PG,10.95,3.14,28.5,33.5
2004-05,Misan Nikagbatse,SG-PG,11.27,3.32,27.5,32.5
2004-05,Emeka Okafor,C-PF,12.32,3.15,31.5,34
2004-05,Randall Orr,PF-SF,11.18,3.27,26.5,33
2004-05,Dylan Page,SF,10.99,3.4,26,30
2004-05,Drago Pasalic,PF,12.97,3.56,25.5,30
2004-05,Rickey Paulding,SG,11.14,3.17,30,36
2004-05,Kelvin Pena,SG-PG,11.5,3.24,27.5,32.5
2004-05,Omar Quintero,PG,11.37,3.25,25,29
2004-05,Peter Ramos,C,12.61,3.6,24,26.5
2004-05,Jared Reiner,C-PF,12.65,3.56,22,26
2004-05,Lawrence Roberts,PF,12.52,3.3,27.5,33
2004-05,Bernard Robinson,SG-SF,10.91,3.17,28.5,34.5
2004-05,Nate Robinson,PG,10.75,2.96,35.5,43.5
2004-05,Aerick Sanders,PF,11.98,3.37,24.5,30.5
2004-05,Romain Sato,SG,11.27,3.18,31.5,35.5
2004-05,Blagota Sekulic,SF-PF,10.93,3.39,23.5,31.5
2004-05,Josh Smith,SG-SF,11.43,3.24,32.5,39.5
2004-05,J.R. Smith,SG-SF,10.93,3.21,29,35.5
2004-05,Kirk Snyder,SG-SF,10.79,3.13,30,35
2004-05,Pape Sow,PF-C,12.13,3.27,28,31.5
2004-05,Tiago Splitter,C-PF,11.65,3.38,26,31.5
2004-05,Tom Timmerrmans,PF-C,13.13,3.63,23,26.5
2004-05,Marko Tomas,SG-PG,11.8,3.23,32,31.5
2004-05,Jackson Vroman,PF-C,10.75,3.25,29.5,33.5
2004-05,Delonte West,PG-SG,11.2,3.15,30,35
2004-05,Damien Wilkins,SG-SF,11.92,3.15,26.5,31
2004-05,Mike Williams,SF,11.59,3.42,23.5,27.5
2004-05,Nate Williams,PF-SF,12.6,3.35,23.5,26
2004-05,Rashad Wright,PG,11.15,3.28,28.5,32.5
2003-04,Aloysius Anagonye,PF,12.93,3.3,31,34.5
2003-04,Rick Anderson,SF-PF,11.23,3.4,26,30.5
2003-04,Carmelo Anthony,SF,11.4,3.15,30.5,33.5
2003-04,Jerome Beasley,SF-PF,11.36,3.25,27,32
2003-04,Troy Bell,PG,10.89,3.06,34.5,41
2003-04,LaVell Blanchard,SF,11.64,3.38,33.5,36.5
2003-04,Keith Bogans,SG,11.43,3.25,29.5,35
2003-04,Matt Bonner,PF-SF,11.52,3.32,27,32
2003-04,Chris Bosh,PF,11.8,3.3,30.5,33
2003-04,Jermaine Boyette,PG-SG,11.2,3.07,29,35.5
2003-04,Souleymane Camara,PF-SF,11.51,3.2,28.5,34.5
2003-04,Matt Carroll,SG-SF,11.11,3.35,29,33.5
2003-04,Nick Collison,PF,11.62,3.28,28,33
2003-04,Brian Cook,PF-SF,11.87,3.45,25,29
2003-04,Joel Cornette,PF-SF,11.27,3.14,26,32.5
2003-04,Marquis Daniels,SG-PG,11.62,3.25,30.5,35
2003-04,Aleksander Djuric,C-PF,11.97,3.65,23.5,27.5
2003-04,Ruben Douglas,SG,11.95,3.27,28.5,35
2003-04,Ronald Dupree,SF-SG,11.09,3.23,37.5,41.5
2003-04,Carl English,SG-PG,11.77,3.32,28,34
2003-04,Ebi Ere,SG,11.38,3.16,29.5,33.5
2003-04,Marquis Estill,PF-C,12.92,3.31,30,36
2003-04,T.J. Ford,PG,11.45,3.2,32.5,39.5
2003-04,Jason Gardner,PG,10.62,3.17,30.5,35
2003-04,Willie Green,SG-PG,11.86,3.19,28.5,28.5
2003-04,Justin Hamilton,PG-SG,11.18,3.18,30,37.5
2003-04,Travis Hansen,SG,10.72,3.18,31.5,35
2003-04,Trevor Harvey,C-PF,11.85,3.32,29.5,32
2003-04,Marcus Hatten,PG,11.5,3.15,29.5,37.5
2003-04,Kirk Hinrich,PG-SG,10.98,3.1,29,33.5
2003-04,Jerry Holman,PF,11.54,3.24,33,37.5
2003-04,Josh Howard,SF-SG,10.89,3.09,33,36.5
2003-04,Brandon Hunter,PF,11.13,3.21,32.5,35
2003-04,Sani Ibrahim,C-PF,13.02,3.4,26,30.5
2003-04,Michael Ignerski,PF-SF,11.21,3.13,26.5,33
2003-04,Robert Jackson,PF-C,11.26,3.25,23.5,26
2003-04,Britton Johnsen,SF-PF,10.67,3.08,26.5,32.5
2003-04,Dahntay Jones,SG-SF,10.91,3.11,30,39.5
2003-04,James Jones,SF,11.18,3.19,30.5,33
2003-04,Chris Kaman,C-PF,11.33,3.37,23.5,30.5
2003-04,Jason Kapono,SG-SF,11.04,3.38,23.5,30
2003-04,Jason Keep,C-PF,11.18,3.3,29.5,34
2003-04,Bernard King,SG-PG,11.37,3.18,28,33.5
2003-04,Kyle Korver,SF,11.42,3.47,25.5,31.5
2003-04,James Lang,C-PF,14.01,3.55,24.5,32
2003-04,Donald Little,PF-C,11.18,3.2,33,37
2003-04,Chris Massie,PF-C,12.48,3.22,26.5,33
2003-04,Will McDonald,C-PF,11.83,3.42,25,32.5
2003-04,Darko Milicic,PF,11.3,3.36,26.5,32.5
2003-04,Jeff Newton,PF,11.18,3.23,27.5,34
2003-04,Uche Nsonwu-Amadi,PF-C,11.83,3.25,27.5,29
2003-04,Ugonna Okyekwe,SF,11.43,3.2,32,36.5
2003-04,Marlon Parmer,PG,-,3.42,28,32
2003-04,Stephane Pelle,PF-SF,11.37,3.27,28.5,33
2003-04,Kirk Penney,SG-SF,10.44,3.04,32,35.5
2003-04,Pavel Podkolzin,C,13.4,3.8,19.5,22.5
2003-04,Josh Powell,PF-SF,11.72,3.2,32.5,38.5
2003-04,Hollis Price,PG-SG,10.72,3.25,27.5,33
2003-04,Luke Ridnour,PG,11,3.28,26,32.5
2003-04,Joe Shipp,SG,11.75,3.2,29,34.5
2003-04,Ron Slay,SF-PF,12.01,3.43,28.5,31.5
2003-04,Theron Smith,PF-SF,10.99,3.1,28.5,32
2003-04,Tommy Smith,PF-SF,11.54,3.14,30,33
2003-04,Marvin Stone,C-PF,12.1,3.5,25.5,27.5
2003-04,Michael Sweetney,PF,12.9,3.28,26,31.5
2003-04,Dwyane Wade,SG-SF,10.56,3.08,31.5,35
2003-04,Wayne Wallace,PF,11.85,3.24,29.5,36
2003-04,Luke Walton,SF-PF,-,-,28,-
2003-04,David West,PF-SF,12.18,3.43,28.5,31.5
2003-04,Wesley Wilson,C-PF,12.19,3.3,27,30.5
2003-04,Doug Wrenn,SF-PF,11.38,3.17,34.5,41
2003-04,Derrick Zimmerman,PG,11.09,3.1,34,40.5
2002-03,Nene,PF,10.73,3.19,30,34
2002-03,Robert Archibald,PF-C,11.34,3.33,24,27.5
2002-03,Maurice Baker,PG,12.19,3.29,29.5,33
2002-03,Matt Barnes,SF,10.68,3.28,35.5,40.5
2002-03,Lubos Barton,SF-SG,11.2,3.31,25.5,31.5
2002-03,Lonny Baxter,PF-C,11.77,3.21,28,32.5
2002-03,Lee Benson,SF-PF,11.44,3.29,27.5,32.5
2002-03,Carlos Boozer,PF,10.77,3.31,26.5,28.5
2002-03,Curtis Borchardt,C,12.56,3.63,24,27
2002-03,J.R. Bremer,SG-PG,10.93,3.1,30,35.5
2002-03,Brian Brown,PG-SG,11.43,3.29,26,33
2002-03,Sylvere Bryan,PF,12.03,3.2,28.5,29.5
2002-03,Chris Burgess,C,11.58,3.37,24.5,31
2002-03,Caron Butler,SF-SG,12.15,3.33,27,31
2002-03,Rasual Butler,SF,11.54,3.29,31.5,37.5
2002-03,Mire Chatman,PG-SG,11.12,3.18,29,33
2002-03,Chris Christoffersen,C,12.55,3.39,28,31
2002-03,Craig Dawson,SG-SF,12.06,3.25,26,30
2002-03,Mike Dunleavy,SF,11.55,3.3,24.5,29
2002-03,Teddy Dupay,PG,10.53,3.19,28,33
2002-03,Corsley Edwards,PF,12.18,3.31,28.5,33
2002-03,Andy Ellis,PF,11.69,3.34,32,35.5
2002-03,Melvin Ely,PF,11.96,3.35,26,29
2002-03,Reggie Evans,PF,12.73,3.26,26,29.5
2002-03,Drew Gooden,PF,11.81,3.19,29,33
2002-03,David Graves,SG,11.2,3.27,26,29.5
2002-03,Lynn Greer,PG,11.24,3.16,29.5,36.5
2002-03,Anthony Grundy,PG-SG,11.1,3.39,27.5,32
2002-03,Marcus Haislip,PF,11.35,3.21,33.5,36.5
2002-03,Damon Hancock,SG-PG,11.62,3.03,32,35
2002-03,Greg Harrington,PG,12.06,3.32,28.5,34
2002-03,Udonis Haslem,PF,11.8,3.31,28.5,33.5
2002-03,Cordell Henry,PG,11.3,3.04,33,37.5
2002-03,Randy Holcomb,SF-PF,12.85,3.22,29.5,35.5
2002-03,Ryan Humphrey,PF-SF,11.75,3.2,31.5,37.5
2002-03,Jared Jeffries,PF,11.73,3.4,26,30
2002-03,Jason Jennings,C,11.92,3.62,29,32
2002-03,Lonnie Jones,C-PF,11.8,3.33,30.5,31.5
2002-03,Fred Jones,SG,11.12,3.13,33.5,37.5
2002-03,Sean Kennedy,PG,11.64,3.28,22.5,26.5
2002-03,Kris Lang,C-PF,11.36,3.24,28,29
2002-03,Muhammed Lasege,C-PF,12.96,3.29,27.5,30
2002-03,Kevin Lyde,C-PF,12.97,3.36,27.5,30.5
2002-03,Tito Maddox,PG,12.2,3.24,27,32.5
2002-03,Kei Madison,SF,11.74,3.22,27.5,34.5
2002-03,Aaron McGhee,PF-SF,12.24,-,26,28.5
2002-03,Elvin Mims,SF-SG,11.17,3.22,32,38
2002-03,Byron Mouton,SG-SF,11.84,3.1,24,30
2002-03,Ronald Murray,SG,11.13,3.16,31,36.5
2002-03,Uche Okafor,PF-C,14.45,3.34,24.5,25
2002-03,Jannero Pargo,PG,11.11,3.2,25.5,29.5
2002-03,Smush Parker,PG-SG,12.3,3.26,21,28.5
2002-03,Luke Recker,SG-SF,10.78,3.27,25.5,31
2002-03,Rolan Roberts,PF,11.36,3.33,32.5,37.5
2002-03,Travis Robinson,SF,11.96,3.43,26,33
2002-03,Kareem Rush,SG-SF,11.86,3.22,26,30
2002-03,Brooks Sales,PF-C,11.05,3.29,26,29.5
2002-03,John Salmons,SF-SG,11.35,3.25,30.5,34.5
2002-03,Predrag Savovic,SG,10.94,3.38,22.5,28.5
2002-03,Julian Sensley,PF-SF,11.85,3.32,27.5,31.5
2002-03,Preston Shumpert,SF,11.03,3.24,28.5,29
2002-03,Tamar Slay,SF,10.94,3.09,32.5,38
2002-03,Darius Songaila,PF,11.69,3.52,24.5,29.5
2002-03,Amar'e Stoudemire,PF,11.19,3.25,32,35.5
2002-03,Marcus Taylor,PG,11.25,3.31,27.5,33.5
2002-03,Jobey Thomas,SG,11.46,3.3,26,32
2002-03,Dajuan Wagner,PG-SG,12.03,3.22,28,35
2002-03,Chris Wilcox,PF-C,11.43,3.16,31,34.5
2002-03,Frank Williams,PG,11.73,3.29,26,31
2002-03,Jay Williams,PG,10.34,3.09,28.5,36
2002-03,George Williams,PF-SF,11.21,3.24,33.5,39
2002-03,Qyntel Woods,SF-SG,11.94,3.23,33.5,34.5
2002-03,Vincent Yarbrough,SF,11.7,3.32,30,34
2001-02,Adam Allenspach,C,11.9,3.4,28.5,31
2001-02,Gilbert Arenas,SG,-,3.25,31.5,36
2001-02,Brandon Armstrong,SG,10.91,3.2,30,37
2001-02,Shane Battier,SF-PF,10.95,3.3,29.5,33
2001-02,Cookie Belcher,SG-PG,11.26,2.91,35,41.5
2001-02,Charlie Bell,PG,10.59,3.12,31.5,38
2001-02,Ruben Boumtje-Boumtje,C,11.84,3.33,26.5,31
2001-02,Calvin Bowman,PF,11.96,3.21,28.5,34.5
2001-02,Michael Bradley,PF,11.11,3.35,27,30
2001-02,Jamison Brewer,PG,9.65,3.15,26,32.5
2001-02,Kwame Brown,PF-C,11.59,3.45,30,33
2001-02,Damone Brown,SF,11.81,3.27,32,37
2001-02,SirValiant Brown,PG,11.23,3,31,39.5
2001-02,Ryan Carroll,SF-SG,11,3.1,34.5,39
2001-02,Tyson Chandler,SF-PF,12.13,3.36,31,33.5
2001-02,Eric Chenowith,C,12.5,3.59,23.5,27.5
2001-02,Sam Clancy,PF,11.47,3.13,31,34
2001-02,Gyasi Cline-Heard,PF,11.4,3.23,31.5,34.5
2001-02,Jarron Collins,C-PF,11.65,3.6,23,29
2001-02,Jason Collins,PF-C,12.1,3.54,25.5,28.5
2001-02,Omar Cook,PG,10.77,3.2,31,35.5
2001-02,Eddy Curry,C,12.25,3.53,28,31
2001-02,Tate Decker,SF,12.19,3.47,25.5,28.5
2001-02,DeSagana Diop,C,12.37,3.56,21.5,25.5
2001-02,Robb Dryden,C,12.47,3.46,27,30
2001-02,Maurice Evans,SG,10.08,3.12,34.5,37.5
2001-02,Anthony Evans,PF,12.56,3.31,31.5,33
2001-02,Benjamin Eze,C-PF,13.05,3.36,29,32
2001-02,Kimani Ffriend,C-PF,11.46,3.09,32,33
2001-02,Alton Ford,PF,11.7,3.16,34.5,36.5
2001-02,Joseph Forte,SG,11.51,3.19,26.5,33
2001-02,Jason Gardner,PG,10.88,2.92,34.5,40
2001-02,Jerry Green,PG-SG,11.7,3.17,28.5,35
2001-02,Kenny Gregory,SF,11.33,3.1,39.5,45.5
2001-02,Eddie Griffin,PF-SF,11.77,3.21,26.5,33
2001-02,Trenton Hassell,SG-SF,11.57,3.29,35.5,37.5
2001-02,Kirk Haston,PF-SF,12.25,3.35,27,31.5
2001-02,Brendan Haywood,C,12.87,3.5,27,28.5
2001-02,Michael Hicks,SG,11.38,3.19,33,40.5
2001-02,Steven Hunter,C-PF,11.99,3.15,30.5,38.5
2001-02,Andre Hutson,PF,11.25,3.3,29,32.5
2001-02,Nate James,SF,11.42,3.31,26,31
2001-02,Richard Jefferson,SF,11.19,3.15,33,38.5
2001-02,Horace Jenkins,PG,10.97,3.1,34.5,41
2001-02,Darrell Johns,C,12.41,3.59,23.5,30
2001-02,Ken Johnson,C,11.27,3.12,32.5,35
2001-02,Joe Johnson,SF-SG,12.05,3.4,32.5,36.5
2001-02,Darren Kelly,SG-PG,11.38,3.21,30.5,34.5
2001-02,Sean Lampley,SF,11.06,3.12,36,40
2001-02,Zach Marbury,PG-SG,11.53,3.1,33,36.5
2001-02,Mike Mardesich,C-PF,11.65,3.45,24,30
2001-02,DeMarcus Minor,SG,10.57,3.15,29,41
2001-02,Jamario Moon,SF,11.64,3.08,33,43
2001-02,Troy Murphy,PF,11.22,3.43,28.5,34.5
2001-02,Troy Ostler,PF-SF,13.42,3.5,26.5,29.5
2001-02,Lazaros Papadopoulos,C-PF,12,3.7,23,26
2001-02,Rashad Phillips,PG,11.93,3.27,27,32
2001-02,Demetrius Porter,PG,11.5,3.34,26,31
2001-02,Martin Rancik,PF-SF,10.77,3.19,32,37
2001-02,Jason Richardson,SF-SG,11.75,3.12,32.5,39.5
2001-02,Norman Richardson,SG,10.97,3.15,30.5,35.5
2001-02,Jeryl Sasser,PG-SG,11.47,3.22,29,34
2001-02,Kenny Satterfield,PG,12.05,3.2,28.5,33
2001-02,Brian Scalabrine,PF-SF,11.75,3.47,27,30.5
2001-02,Lee Scruggs,PF-SF,13.28,3.55,23.5,29.5
2001-02,Bobby Simmons,SF,11.69,3.41,27.5,34
2001-02,Will Solomon,PG-SG,11.3,3.22,28.5,35
2001-02,Greg Stevenson,SF,11.29,3.23,30,35.5
2001-02,Damone Thornton,PF,11.17,3.2,33.5,37.5
2001-02,Jamaal Tinsley,PG,11.96,3.2,28,37.5
2001-02,Tory Walker,SF,11.95,3.25,28,33
2001-02,Souleymane Wane,C,12.02,3.46,29,30.5
2001-02,Earl Watson,PG,10.97,3.19,32.5,37.5
2001-02,Rodney White,SF,12.07,3.47,27.5,33
2001-02,Loren Woods,C-PF,11.83,3.48,24.5,28
2001-02,Brent Wright,PF-SF,12.25,3.3,23,29
2001-02,Michael Wright,PF,11.37,3.21,27.5,33.5
2000-01,Malik Allen,PF-C,11.83,3.38,25.5,29
2000-01,Harold Arceneaux,SG-SF,13.8,-,-,29
2000-01,Lamont Barnes,PF-C,12.3,3.4,28,29.5
2000-01,Mario Bland,PF,13.04,3.47,27,31
2000-01,Primoz Brezec,C,11.53,3.55,26,29.5
2000-01,Speedy Claxton,PG,10.48,3.06,36,42.5
2000-01,Eric Coley,SG-SF,11.4,3.15,35,38
2000-01,Ed Cota,PG,10.98,3.24,26.5,33.5
2000-01,Schea Cotton,SF,11.55,3,34,38
2000-01,Caswell Cyrus,PF,12.12,3.16,33.5,37.5
2000-01,Khalid El-Amin,PG,10.59,3.32,27.5,32
2000-01,Vassil Evtimov,PF,11.75,3.52,21,28.5
2000-01,Antonis Fotsis,SF,11.6,3.44,27,30
2000-01,Eddie Gill,PG,11.12,3.18,35,38.5
2000-01,Marcus Goree,SF-PF,12,3.25,29.5,33.5
2000-01,A.J. Granger,SF,10.73,3.25,30,34
2000-01,A.J. Guyton,PG-SG,10.55,3.22,33,37.5
2000-01,Ron Hale,SG-SF,12.58,3.2,29.5,34.5
2000-01,Jason Hart,PG,11.7,3.34,29.5,33.5
2000-01,Donnell Harvey,PF,11.23,-,33,32.5
2000-01,Johnny Hemsley,SG-SF,11.5,3.19,31.5,35
2000-01,Michael Hermon,SG-PG,11.79,3.25,29,33
2000-01,Cory Hightower,SG-SF,11.92,3.37,29.5,34.5
2000-01,Shaheen Holloway,PG,11.22,3.32,-,-
2000-01,Eddie House,SG-PG,11.12,3.27,29.5,38.5
2000-01,Jimmie Hunter,SG-PG,11.23,3.35,29,36
2000-01,Jacob Jaacks,PF,11.48,3.58,26,32
2000-01,Marko Jaric,SG-SF,11.32,3.28,27.5,33
2000-01,Nate Johnson,SF,11.9,3.33,27,33.5
2000-01,Kenyon Jones,PF-C,12.44,3.6,28.5,30
2000-01,Mark Karcher,SG,11.51,3.4,27.5,30.5